mfcc_mean,chroma_mean,zcr_mean,spectral_centroid_mean,label
3.1174057,0.34995052,0.08306639113293343,1784.416545970319,blues
-0.011523173,0.3409451,0.056044256724071206,1529.8713140945188,blues
3.3614142,0.36356187,0.07630074799245357,1552.6377863181906,blues
0.87857926,0.40484834,0.03330894446594427,1070.1100585189854,blues
-9.650853,0.30859816,0.1015001421004257,1835.5070084014953,blues
-8.226526,0.30241403,0.09403986975135449,1831.9900685948742,blues
-7.91531,0.29140565,0.07302790308146284,1459.0353761872718,blues
-4.554651,0.3073145,0.06143500266060371,1451.8494584581754,blues
3.484419,0.40899816,0.06402757957623839,1719.2739373344168,blues
-6.924218,0.27401423,0.0792153184258901,1817.5295464146707,blues
-4.6004353,0.30396515,0.06298072271671827,1410.6753570562125,blues
-8.579292,0.36580706,0.04395891785990712,1353.3291189300635,blues
-2.1759377,0.2693326,0.06912392064144737,1361.1004062354928,blues
-1.7678076,0.2647263,0.051417300575657895,1324.3317542217217,blues
-5.8429117,0.32904086,0.045045834945820436,1172.2763008557504,blues
-4.253307,0.27034655,0.0637176797116873,1420.4114787701458,blues
-3.6595657,0.30829644,0.061350725014512386,1455.0424713768248,blues
-1.5104526,0.30223948,0.04832397083010836,1088.7781161784512,blues
-4.782435,0.2700793,0.056131935710139316,1537.56091926741,blues
-3.6274328,0.25735947,0.05887114817143963,1195.4133983085592,blues
-3.400394,0.30279943,0.05256015080785604,1389.9522837601053,blues
-1.7152448,0.3211421,0.04793735185274768,1046.7275070203577,blues
-0.52753,0.30644202,0.05861340218653251,1156.202363121508,blues
-4.320337,0.28072098,0.052482675841718264,1210.4571260262846,blues
-3.8945396,0.26310804,0.047297899937113,1120.3909802285903,blues
-2.1688995,0.29098073,0.05172493288022446,1109.721378629315,blues
-5.689072,0.27866608,0.051987591911764705,1198.7544985722175,blues
-4.7926345,0.28870454,0.07235897288602941,1391.4439037459135,blues
-3.9641566,0.2760109,0.04802843217879257,1115.5411952519341,blues
-9.018686,0.280554,0.05292636174535604,1649.2877536970093,blues
-6.990481,0.2631294,0.03937580120452786,1378.9657764881297,blues
-9.746158,0.2536384,0.04296723829334365,1331.0365912698594,blues
-11.890648,0.27626824,0.03939318583107585,1309.6646971460593,blues
-9.890762,0.26082012,0.04196988982681889,1430.5981944868504,blues
-8.466681,0.26211873,0.04570040392801858,1536.7310778930728,blues
-5.0650077,0.28824988,0.045430186363196595,1507.1047288496127,blues
-8.887079,0.23319606,0.03690378289473684,1247.4080160193946,blues
-14.258257,0.2486835,0.04816032858455882,1188.1011591132929,blues
-6.0805173,0.2658965,0.044378038530379256,1513.5200525685516,blues
-15.2067585,0.25535825,0.03533878857875387,1151.378029921571,blues
4.531963,0.39779353,0.09765700585332818,2272.5176192636222,blues
5.142609,0.38709408,0.10228887504837461,2390.7715766040606,blues
3.2594635,0.37768537,0.09786448759191177,2302.0756478879343,blues
4.2004504,0.39904937,0.08716538373161764,2155.6312958781195,blues
5.3391175,0.39016002,0.09257049088138544,2279.265543032408,blues
4.3701015,0.42972082,0.048051863631965945,1739.0461604116053,blues
1.6593102,0.38791007,0.05842595056114551,1912.443629773089,blues
0.92228687,0.33643755,0.07534497145897832,2013.3644495068743,blues
4.028836,0.37941048,0.09881232766544118,2148.749819335174,blues
-3.0756001,0.27759212,0.03997292533378483,1318.6237037811225,blues
7.407716,0.40090895,0.08580598152089783,1945.6207939267476,blues
7.6919866,0.39371133,0.1066270952254257,1977.1089040094187,blues
0.10791609,0.3390607,0.06719384916795666,1443.2688618053005,blues
5.031733,0.4124909,0.13280229598006965,2171.1586190945404,blues
8.822017,0.4528756,0.10338599615421827,2030.3725287964605,blues
4.966831,0.4328375,0.11316673822078173,2032.1200141615245,blues
3.1588376,0.39237878,0.07547951335139319,1810.9603368829592,blues
5.818276,0.42432162,0.08992387045278638,1886.705706255258,blues
3.5735579,0.35666835,0.10437162889415634,2068.3276532886216,blues
5.787546,0.40606847,0.14228825524864552,2235.9219734301396,blues
8.176093,0.43093038,0.09745368130804953,1946.5344115984576,blues
4.2540655,0.45192987,0.16758439858262383,2503.952796432079,blues
-3.936082,0.3118191,0.11714895148026316,2279.808618295741,blues
-4.9802012,0.33039847,0.15435583155959753,2839.267572265232,blues
-1.330012,0.33248457,0.14685171971749225,2553.2225631938227,blues
-5.3040996,0.29269594,0.14631846519446595,2816.7459196931127,blues
-0.4727867,0.3748415,0.1217751517753483,2340.3362115325713,blues
-0.35922977,0.33793774,0.11276500217685759,2258.5305012842978,blues
-2.0361733,0.2895239,0.13514619715073528,2513.747081320468,blues
-6.1567526,0.29198298,0.12514096664570434,2370.9632922676196,blues
-3.6107368,0.3226874,0.0983489895752709,2159.5483196611644,blues
0.13227008,0.30524948,0.13468663832720587,2429.3359591758494,blues
-4.7673073,0.30702657,0.12924562814434984,2595.2893633321164,blues
7.5289993,0.34202734,0.10056968665344428,2094.775833910308,blues
6.107134,0.36717397,0.12091612446787926,2515.8691600222824,blues
6.579255,0.4664576,0.10858664497871517,2225.1768658281667,blues
7.408162,0.36558747,0.1364685625483746,2645.5300364910313,blues
7.9037466,0.40887603,0.11152578064531733,2206.7704721917903,blues
8.589851,0.4142576,0.12386319659442724,2333.716389709888,blues
9.974794,0.42153448,0.12473545133513932,2443.2389164951205,blues
5.5741024,0.36825618,0.09403873597136223,1827.1513096464714,blues
4.358011,0.38028282,0.12727247303115324,2116.8942510812694,blues
5.811301,0.3388864,0.10515129160216719,2141.332015271235,blues
9.460207,0.4273561,0.11795053393479102,2314.8192389666888,blues
7.0733824,0.39630073,0.11339689555921052,2061.202741434345,blues
1.7478112,0.31538674,0.059416496347716716,1312.3500760815823,blues
0.8234544,0.365903,0.04882661329334365,1245.581771913736,blues
1.7506179,0.33674198,0.050889337025928794,1441.9992540972155,blues
2.5136552,0.37787387,0.03206556574109907,1006.8779768813247,blues
-8.392327,0.34869307,0.025639678671633127,798.5684450379811,blues
2.2930477,0.3778906,0.058235853449109906,1613.4333911575961,blues
0.20764671,0.42194936,0.03605269204721362,991.1502533354555,blues
-4.9340854,0.39106512,0.03231802075270898,918.3602069536548,blues
-4.5482335,0.3777357,0.021700549051857584,570.1506880585581,blues
1.2626098,0.37671533,0.05090785543246904,1239.6879986706629,blues
4.70377,0.36996734,0.05714742465654025,1388.4454872380973,blues
-11.228804,0.26061335,0.048313766810178016,1132.5184226709684,blues
5.4350424,0.3752842,0.04462595842202012,1236.606352338598,blues
3.9726973,0.4431951,0.12842590520994582,2310.1410834053418,blues
-3.1807942,0.37024575,0.07479924535603716,1538.9317922233738,blues
-11.083522,0.2523795,0.09824505974264706,1505.3776997189866,classical
-15.36004,0.21504712,0.0877715781008127,1360.5964481029573,classical
-8.742817,0.27784783,0.09004972003192724,1490.0147947114058,classical
-13.299561,0.23423362,0.10895172213622291,1526.560670734666,classical
-13.990851,0.22157979,0.1128666644494969,1705.7324266471087,classical
-10.891356,0.26855293,0.07523877406636997,1431.542306293269,classical
-11.786741,0.261451,0.07292321739551083,1372.8214993768145,classical
-11.3255205,0.27657983,0.07314694998065016,1358.926260249797,classical
-13.342211,0.2547598,0.07878788336880804,1516.6480402419818,classical
-14.38487,0.2705048,0.05627025686919505,1216.426225125279,classical
-14.511461,0.24500221,0.08621640987809598,1497.076295694056,classical
-16.174551,0.24491914,0.06072601223877709,949.3765619854879,classical
-16.861023,0.23568681,0.06593875471652477,1179.9891396444557,classical
-15.802985,0.23204602,0.08088953354779412,1388.2456582676334,classical
-17.125666,0.23408201,0.0684731309258901,1279.5500532331514,classical
-22.08411,0.21659923,0.07575237640286378,1371.6170328582264,classical
-23.375912,0.21924284,0.04766448880127709,1054.4585145386827,classical
-16.24556,0.25641188,0.08111553369291796,1358.9070916597766,classical
-17.119804,0.23910886,0.07066888484423374,1158.0012026973075,classical
-22.370628,0.28404716,0.057591488486842105,1184.5272815945475,classical
-12.496361,0.26897267,0.0698128809500774,1218.4372978528554,classical
-14.835055,0.26681942,0.07956679022349071,1371.3696318927568,classical
-11.432074,0.2762817,0.06844629813273993,1211.2151185706325,classical
-16.06992,0.26717928,0.044227245791408666,983.7618406456091,classical
-8.951576,0.25333998,0.07164771490421827,1253.1322234388265,classical
-8.063355,0.29736656,0.068293993687113,1184.0658218421831,classical
-17.67525,0.24567784,0.08174818292859908,1278.574558748878,classical
-15.179104,0.2407341,0.05344941224845201,901.7856877463795,classical
-9.788892,0.2629238,0.08109777113970588,1313.7853629984959,classical
-14.157423,0.24696632,0.09221523981714397,1558.898531652357,classical
-18.789167,0.27832785,0.06372448239164087,1243.720620928661,classical
-15.1237135,0.30317983,0.03945743336397059,822.4267361319853,classical
-24.809603,0.2831995,0.03658178937693499,792.835553815877,classical
-23.691032,0.30397424,0.05439309512867647,1128.3232351038566,classical
-15.671478,0.27409896,0.07356796028444272,1369.6932279666041,classical
-12.697743,0.3192511,0.06115495900251548,1016.4245653368089,classical
-24.652214,0.23929831,0.059410449521091334,1281.8143785370296,classical
-17.094496,0.2842068,0.09395219076528638,1534.2936138496057,classical
-15.119476,0.29454452,0.07583589819562693,1279.1711367505459,classical
-21.423992,0.27088746,0.10895928066950464,1633.409673177342,classical
-22.038874,0.25055692,0.0726431737374226,1396.6924270627298,classical
-22.746958,0.26820537,0.07881698372194272,1329.2649559947513,classical
-7.2227983,0.26172364,0.09385279605263158,1327.3486451321814,classical
-12.188494,0.19094546,0.051040885618227554,1063.472218094083,classical
-23.656502,0.25204444,0.07170553768382353,1181.5125561645536,classical
-6.8550086,0.23626502,0.0622955416747291,1175.9242233254756,classical
-0.6595418,0.3467908,0.11161308170472137,1878.7740300458224,classical
-24.514277,0.25846493,0.06632537369388544,1173.9310654516082,classical
0.10039622,0.29686394,0.087271581124226,1516.0858565701667,classical
-2.2007809,0.3116152,0.10944642813951239,2224.8938399288413,classical
-21.309153,0.28610158,0.049492898002128485,1170.1422672261847,classical
-3.0384052,0.38145718,0.06010507872968266,1527.645526264714,classical
-9.42324,0.38802975,0.12697013169988391,2411.9327529379098,classical
0.88343495,0.30471268,0.0879189694998065,1465.595382672086,classical
0.93694264,0.31949472,0.11627820844620743,1712.466255822982,classical
-29.315878,0.18647887,0.059341288941563465,1079.9035739320498,classical
1.723939,0.31287572,0.09672579455301858,1680.101088819283,classical
-21.432423,0.2538498,0.09525792738970588,1751.7302668488421,classical
-14.374934,0.26571423,0.08186836360777863,1137.9529528789749,classical
-9.266076,0.2825834,0.09329951141640867,1551.8652270368914,classical
-8.570952,0.30526578,0.10401637782991487,1803.525958968436,classical
-11.196094,0.28175208,0.07612614587364551,1322.6998486991345,classical
-13.149895,0.32029325,0.07404603751451239,1474.8137600109778,classical
-19.411636,0.22674659,0.036054203753869966,690.354003458877,classical
-22.999435,0.1989291,0.04229906395123839,1118.5116673005261,classical
-21.386265,0.20719388,0.047511806428986066,828.825494001674,classical
-20.765144,0.18708833,0.04503222958591331,795.1394730921776,classical
-19.640755,0.26750588,0.046355350836880804,1117.9494607534948,classical
-12.470594,0.2572882,0.09520237217008513,1559.8986812117996,classical
-14.563341,0.23668899,0.079280321812113,1349.5963387962488,classical
-14.493267,0.24424577,0.07085595854295666,1355.999780696475,classical
-11.838151,0.20815395,0.07585706208881579,1396.7861186062223,classical
-13.584393,0.27944192,0.06374980347813468,1285.1523138296154,classical
-14.214203,0.2163273,0.07093910240905572,1211.352791907563,classical
-13.430333,0.23741011,0.07211672189434984,1360.0001055902917,classical
-18.538351,0.21740316,0.0608847414376935,1171.8444805151357,classical
-8.587706,0.26045904,0.07171347414376934,1340.368610909044,classical
-28.836481,0.21903363,0.04834475679663313,811.9966754623425,classical
-30.14846,0.22515063,0.04129340109810371,715.4772961169846,classical
-25.426178,0.21772774,0.05211230771091331,790.4782247441923,classical
-24.193365,0.43804651,0.031537602191369966,973.5547961720958,classical
-18.965885,0.26684135,0.06055896865325077,1214.3345474841144,classical
-22.607336,0.2827168,0.08737929022349071,1415.311188046843,classical
-18.693941,0.24464238,0.05079296572658669,853.4404819807542,classical
-22.808813,0.24545789,0.05794825125773994,1002.3644432557223,classical
-14.360825,0.30964005,0.09158788155476007,1525.6012665401886,classical
-14.948677,0.31213167,0.07686121323529412,1356.517262209537,classical
-21.66053,0.27444813,0.051046554518188854,876.9626952356676,classical
-17.373167,0.29419056,0.07053623258513932,1302.9045959121115,classical
-15.39898,0.21732557,0.16668644482875386,2423.3992282999484,classical
-17.249681,0.21933523,0.151986231375774,2172.514738800756,classical
-9.98912,0.22580075,0.1524378537393576,2192.7057790195913,classical
-11.051725,0.1811293,0.13095801385932662,1807.4309138096596,classical
-9.925317,0.2269671,0.10825822670762383,1623.8299978978253,classical
-16.234005,0.3689322,0.07015490458107586,1424.1018503760445,classical
-20.045567,0.22755931,0.12435714674438854,1800.6383191622836,classical
-7.8723216,0.29303515,0.11752045339106038,1932.8371720042157,classical
-11.731907,0.22232276,0.08592124915344428,1494.1405636701372,classical
-14.426743,0.28997293,0.1234924505369582,1953.0123992184488,classical
-14.597801,0.33388892,0.08068318558920279,1524.8987119782064,classical
9.053882,0.38354596,0.10713729622194272,2797.969870734425,country
10.385107,0.41387543,0.12698751632643188,2937.8328051469803,country
2.8341691,0.29724705,0.0741337165005805,2307.5397576425735,country
7.423428,0.37698767,0.1025643835864938,2174.1604935047117,country
9.527823,0.38276434,0.12416100280572756,2966.1571589936843,country
8.244869,0.41735208,0.13645079999516255,2926.865766278933,country
8.522494,0.42083368,0.12843724300986842,2800.214423030315,country
9.751823,0.42144912,0.11293582502902477,2898.787368032488,country
10.298622,0.35535052,0.10473972946497678,2506.169376457896,country
10.305912,0.42975277,0.15687886996904024,3191.4845774083215,country
-6.68737,0.29136452,0.07651125314434984,1861.184983990783,country
-6.2542467,0.3009386,0.11010515431501548,2838.2033521252542,country
-2.1472657,0.29649943,0.06406763980263158,1667.8626239303642,country
-1.3327783,0.36810315,0.12956497617550308,2812.414612083667,country
0.17885907,0.36476815,0.12474225401509288,2951.9486784809105,country
-1.4689645,0.37969851,0.09426624782314241,1959.337324250709,country
-7.9112697,0.32257736,0.06017386138254644,1425.8089845409772,country
-1.6394601,0.3571866,0.06385600087074303,1469.7849502285726,country
-1.0307665,0.3699392,0.09561053296729877,2068.772763718777,country
-7.20788,0.31574336,0.050959631385448914,1138.6702901800775,country
1.1585006,0.36554465,0.08685812935371517,2409.267879260446,country
-3.8964248,0.28894132,0.04559534031540248,1043.9737111043523,country
-5.0740094,0.32141724,0.06805325440208979,1719.3372066856614,country
-13.379037,0.30551112,0.03548126693111455,1496.56913504939,country
-6.270661,0.2704443,0.0824598188370743,1739.321196159216,country
-3.613706,0.347311,0.05730313044214396,1565.7683179567373,country
0.11220263,0.32973626,0.05483186798568111,1270.4148783967134,country
-1.021056,0.3917749,0.0973951026751161,2012.1998825497253,country
-3.1302462,0.31836507,0.05981898824496904,1474.0010327537864,country
-1.9565668,0.3099462,0.054208666916602165,1214.054895968694,country
-6.940285,0.22133958,0.042844034200851394,1240.5895174256275,country
-0.9237867,0.31330618,0.09529609798277863,2052.937539079165,country
-3.6486304,0.33104125,0.0676016320385062,1823.4330215874613,country
-2.849095,0.31676006,0.12361565462945047,2456.555660328369,country
-2.624398,0.3592578,0.11928688261900154,2614.1281512828127,country
0.66652393,0.37593812,0.10437125096749227,2322.0772479079756,country
-15.198822,0.34464782,0.0848248839009288,1827.093958381686,country
-2.4651082,0.37397298,0.08500288735971362,2069.180155621707,country
0.9159359,0.3671552,0.12115799753289473,2860.3399496357706,country
1.4083382,0.43781942,0.21237475510352166,3760.4244872923673,country
0.19155,0.3733921,0.10633306828076626,2449.9415972837987,country
4.2116995,0.39776525,0.09585618529895511,2634.0466588107224,country
2.481638,0.39160368,0.08702592879256967,2386.8223453587584,country
0.55669403,0.40328202,0.1343000193498452,2530.853994149147,country
1.412386,0.36003822,0.0665200059258901,1730.559357956436,country
1.3520918,0.34554547,0.13296442651896284,2777.1145172614247,country
-0.9174073,0.37411577,0.11589196739551083,2109.4728877007824,country
-4.532672,0.3102344,0.09412943837074303,1784.3451875096134,country
-0.184794,0.3109064,0.0639731581366099,1939.716518680421,country
-0.7559467,0.32361743,0.07581624600909442,1600.3408733031765,country
2.073212,0.3509873,0.07890693026799536,1779.496144918959,country
-5.0761137,0.27467206,0.0592494527621904,1552.7721617035625,country
-1.6677741,0.328754,0.03547446425116099,1115.7881616130558,country
2.1362114,0.37335324,0.10825444744098298,2271.2893251438104,country
2.0666618,0.31276882,0.06020787478231424,1654.6143319062874,country
4.037415,0.35707697,0.08110419589299536,1881.161817758554,country
3.1029553,0.3191645,0.054941088791602165,1468.7461596453222,country
-1.0465467,0.31502816,0.07543756349167957,1741.8149971403934,country
5.162924,0.34798485,0.07327015407314241,1796.1137426759592,country
2.6174574,0.28438237,0.052538986914667185,1535.3805435364122,country
4.1556983,0.34205148,0.04291659612035604,1373.0379665331902,country
0.5825819,0.3144577,0.048586629861648606,1397.840984804417,country
2.9253669,0.39037266,0.10237579818111456,2167.0242315710375,country
1.971611,0.33393723,0.058282716355456655,1615.0641667795348,country
-5.070136,0.26330346,0.060115282749613,1512.285769157878,country
-5.382527,0.28280285,0.038680794069272446,894.2258292361456,country
2.259187,0.32071486,0.09886750495839783,1701.133231854635,country
-7.9213066,0.32129815,0.03538187221845975,857.9961382033647,country
-2.5198696,0.34938735,0.050243082430340556,1130.9407637739448,country
-1.0490013,0.35215807,0.06108731012964396,1327.824096106779,country
2.7138162,0.36496183,0.09476964613970588,1935.1584683595631,country
-8.023023,0.2923093,0.060543095733359135,1261.3177003596356,country
0.582194,0.3451366,0.08227350099167957,1711.2104216664566,country
-1.2448989,0.3749396,0.06975279061048761,1549.1920056300596,country
-6.095147,0.35509008,0.07112353062113003,1533.8625889630157,country
6.1490455,0.37180796,0.11375403625677244,2187.464108981412,country
-2.6661592,0.2973078,0.0665252968991873,1321.5897450564103,country
0.16816275,0.33729205,0.08784300624032508,1513.1966226436089,country
-6.7237244,0.3762945,0.04985797515963622,1143.943990289628,country
-4.429971,0.3102457,0.04576843072755418,963.1958805922379,country
4.081211,0.3873131,0.08940724470297988,2049.8940197396387,country
3.9701867,0.37873685,0.10102962340363777,2101.538599563589,country
3.8077667,0.38583264,0.10609270692240712,2253.250681954205,country
2.3378375,0.318365,0.05955141616679566,1436.0348088902886,country
2.4254332,0.31973168,0.09301795605166409,1965.276613746473,country
3.6645806,0.33794,0.06926526521381579,1596.2209122528532,country
2.3900292,0.3718834,0.07831736467202012,1879.9377906980571,country
-3.100933,0.32843277,0.07391451903541021,1589.6339834802307,country
4.757218,0.35364562,0.06606309258900929,1623.0094789002958,country
-0.5268046,0.322121,0.05250308388157895,1321.7303763628809,country
3.7225,0.37119007,0.0990303913506192,1927.440445022141,country
-3.175115,0.35334733,0.06475622218459752,1563.418330602126,country
5.3570113,0.3705238,0.12121959957914087,2334.872868912086,country
-9.800319,0.25082582,0.068123926688274,1537.7642290059293,country
5.6623044,0.3667726,0.06299281636996903,1474.927396796844,country
2.5217807,0.32867116,0.0672293742743808,1555.9530444453296,country
7.2639694,0.32571617,0.09739925986842106,1754.1360136048193,country
3.2685044,0.34799954,0.06718742441466719,1560.8796813263718,country
0.23846486,0.27091026,0.0617449025251548,1425.2635079969477,country
5.799912,0.38101023,0.1082567150009675,2157.205776680438,country
2.2536018,0.44586715,0.09633501838235294,2297.0855298395068,disco
6.6013393,0.41186738,0.18854685685952013,3290.4921281244474,disco
3.9265854,0.4118954,0.1533482790731424,3591.73383244625,disco
10.202083,0.49482712,0.14965177837171054,3048.5690425083776,disco
0.4088279,0.3821435,0.16905150989260836,3328.830808812161,disco
8.1823435,0.44927672,0.14455203596652477,2722.0804866206827,disco
6.56473,0.4739877,0.16366529907604488,2848.2245207476594,disco
4.4640107,0.43156642,0.1402841101489938,3099.1841465490747,disco
4.6152205,0.4553413,0.16440792497097523,2802.541418287883,disco
0.961232,0.44215426,0.17065354102167182,3016.630571985955,disco
9.342342,0.43755713,0.15032410990712075,2877.646855543141,disco
5.2744737,0.3736674,0.13097653226586686,3132.849239309041,disco
6.074945,0.42879608,0.13174939229392416,2739.0755703377026,disco
6.049236,0.42132524,0.15957688842395512,3391.8321168993366,disco
6.0963697,0.43621337,0.156306688999613,3087.483970853388,disco
5.6267223,0.41464347,0.09018917497097523,2361.735960891677,disco
8.830883,0.43456846,0.11443506010545666,2522.8702609517236,disco
-1.1453544,0.40469867,0.12076004075561146,2564.6775896822555,disco
2.7995105,0.37004274,0.14359928284636223,3043.380831699277,disco
4.3994155,0.44494396,0.10366263847232972,2117.5507614054177,disco
1.325831,0.34271052,0.10330171850812693,2117.828754709546,disco
1.6349244,0.401155,0.1240548054131192,3248.532892801311,disco
3.1891806,0.4353606,0.17289993711300308,3707.487312505618,disco
3.053211,0.4352631,0.15100324412248453,3167.808308145324,disco
-0.28794032,0.37260482,0.12025853207236842,2625.095043461179,disco
-4.7582045,0.35809016,0.0996603950996517,2410.0020281305497,disco
4.1733866,0.4012705,0.1315751681017802,3042.993183926036,disco
3.711773,0.48534432,0.10124882086880804,2909.983968555962,disco
6.5652113,0.48300156,0.1982474784732972,3713.366946149792,disco
1.8480519,0.38407364,0.13853393176760836,3075.059149844922,disco
5.7451196,0.45030642,0.1508622774767802,3168.1112406928287,disco
0.04973514,0.41717562,0.17381451964009287,3257.126964639291,disco
-2.9291108,0.36853772,0.12327627648510062,2447.5053952029866,disco
7.384318,0.39189994,0.12449924717008513,2450.4078120136996,disco
0.66105455,0.3576598,0.18083450742550308,3653.396938317012,disco
3.05095,0.4026628,0.1764282604489164,3623.816329797985,disco
7.1378765,0.43479115,0.16205155222039475,3348.2009991791724,disco
6.5680423,0.4545819,0.19009560032894737,3637.551798162976,disco
-0.8028684,0.37071827,0.16828847595781735,3354.360372505759,disco
2.5798695,0.34097588,0.10118608504256967,2328.7358232995766,disco
3.9748363,0.42088634,0.12638850256385448,2605.158778871083,disco
3.1158388,0.35578653,0.053842455979102165,1776.3958801199312,disco
2.6717975,0.3941139,0.12167764669601393,2403.9325975307147,disco
7.127425,0.4203313,0.13478414340654024,2875.523793893122,disco
0.6180133,0.36704448,0.1095964650251548,2330.4341487066677,disco
3.0229185,0.40740293,0.10974196679082818,2248.158016320912,disco
0.0034732914,0.3763196,0.11426008005998452,2259.667499272963,disco
-18.935709,0.22014824,0.08702290537925697,1710.8442048759703,disco
1.5177002,0.40967417,0.15437434996613777,2616.176846102278,disco
4.713009,0.4213732,0.13532117719620743,2397.052524918614,disco
5.7958593,0.45116723,0.12878191212751547,2376.1512622758464,disco
2.1483827,0.46051988,0.15772391398993807,2651.320247246162,disco
-1.6191722,0.41644785,0.16987803550696595,2591.5017766838123,disco
5.935898,0.46769264,0.15430745694659442,3079.468912826982,disco
-6.093909,0.40136927,0.11465010037732198,2566.1260441601803,disco
4.713865,0.4630337,0.11041618795955882,2108.1997863703064,disco
-1.233522,0.358252,0.07696816648123066,1755.2903582545093,disco
-2.5277753,0.37015924,0.09247298580205109,1937.935756160484,disco
2.4313855,0.4172434,0.1109932819756192,2217.9682141739054,disco
0.4522618,0.40335342,0.1102181543875774,2279.818496274842,disco
3.132686,0.43484274,0.09303307311822756,1975.2274580999904,disco
1.6722438,0.3233638,0.11589045568885449,2550.135383866737,disco
2.5221212,0.42689508,0.12770671076818885,2387.922380957909,disco
11.000663,0.5478755,0.09977263931888544,2583.326723139977,disco
1.3978285,0.3882117,0.06485183763061146,2144.2930792368275,disco
8.395812,0.47108963,0.07365715097716719,1887.648892045496,disco
4.9087787,0.45084128,0.13862576794698142,2492.8521058348206,disco
-1.2875048,0.36500356,0.14330827931501547,2541.995563795192,disco
1.3378569,0.4161969,0.16269251584268576,2956.6002017744845,disco
2.1844327,0.38921893,0.08364121758900929,1931.1496588575947,disco
2.769348,0.45550197,0.1346148322610294,2449.296921443876,disco
1.1226026,0.4355066,0.15595068208204335,2809.021561476355,disco
-4.725681,0.4343006,0.184138720249613,2902.9834800553963,disco
-0.77665305,0.44640383,0.17636703632933437,2846.8226092079603,disco
2.6133103,0.4028028,0.15116461880804954,2649.217859026324,disco
2.8037207,0.42903623,0.12995726405282507,2690.932759278845,disco
-3.7660444,0.3531612,0.12191385086106811,2252.122477978003,disco
5.566299,0.41569665,0.11760246347716719,2308.7942063741325,disco
-5.11281,0.3319702,0.09617402162345201,2219.3232376250994,disco
-0.5951144,0.45301625,0.09981534503192724,2292.577700466476,disco
-6.1846576,0.38869795,0.08475043234810371,2143.645601948083,disco
-6.912447,0.35838354,0.11643089081849846,2292.41885340361,disco
4.996481,0.42267156,0.13824595164957432,2577.013955506876,disco
-1.29137,0.4141328,0.09003346918537151,1959.5165152861578,disco
-6.8744154,0.5035033,0.1514639367260062,2455.1239938572585,disco
-1.6456848,0.5680807,0.15866457345684984,3002.526732630542,disco
3.714161,0.3950361,0.09448204394833591,1867.9206448682273,disco
1.7333795,0.38454,0.10026696739551083,2139.4226685316103,disco
2.7929559,0.39795375,0.13146859278250775,2238.799259178444,disco
1.3743304,0.42988372,0.1118704497629644,2129.3458917106645,disco
0.31067657,0.485514,0.14616918416215172,2574.7458410439813,disco
3.6601925,0.41647133,0.09159921935468267,2036.7728048043857,disco
2.2676494,0.37072912,0.11753292497097523,2457.998545443571,disco
2.7128367,0.4083024,0.13708722849748453,2461.186456192989,disco
2.128081,0.41693324,0.09361054506095201,2208.1328125649534,disco
-1.1167294,0.46825808,0.11808431997387771,2487.5432668509993,disco
1.1259965,0.41654116,0.13440697259578174,2481.887352406179,disco
1.462574,0.41508642,0.12049624794407894,2826.0632063160606,disco
1.2234411,0.44086853,0.11262743687113003,2417.457577864453,disco
1.2234411,0.44086853,0.11262743687113003,2417.457577864453,disco
-0.15727918,0.4606643,0.14734075682082043,2667.664494927173,hiphop
7.288574,0.45726278,0.09764869146671827,2808.1424053109326,hiphop
-1.7010775,0.40406597,0.05873774005901703,1490.5209977308093,hiphop
7.497601,0.46726292,0.10351449122000773,2493.1638737463427,hiphop
2.9076831,0.4494017,0.09989130829140867,2372.727829534901,hiphop
10.052075,0.4906673,0.1246141368759675,2708.9613684451087,hiphop
7.8281407,0.46422085,0.12823807565789475,2859.0217012683083,hiphop
8.26126,0.43234593,0.07867374951625387,2047.1206937169864,hiphop
-4.053189,0.45344108,0.17691578584558823,3069.3957462220505,hiphop
7.391089,0.56064737,0.09832480226876934,2199.9161931162494,hiphop
4.5611224,0.42736965,0.12547203040344426,2284.553702393839,hiphop
5.242883,0.44405892,0.0941872611503483,2095.2999106477832,hiphop
6.55383,0.35876343,0.08725570820433437,1976.5494346772984,hiphop
0.11564285,0.34012973,0.0966369817869582,1798.234427846617,hiphop
5.3903203,0.48965022,0.13386653746613777,2437.144490615668,hiphop
3.7342644,0.4236211,0.11596868650832043,2395.49619173608,hiphop
3.6293035,0.46732023,0.11047967963912539,2433.764468111271,hiphop
7.1540637,0.4811548,0.08034305159152477,2144.794528258056,hiphop
1.2380612,0.4618897,0.1457859665247678,2677.639716066268,hiphop
6.084967,0.4322349,0.10016379341621517,2470.7222619019626,hiphop
1.9468117,0.49019533,0.10805943728231424,2677.5983922065384,hiphop
8.076574,0.43024087,0.11973245815595976,2405.583528376153,hiphop
3.3588655,0.43965498,0.0753997708252709,2025.7166368995138,hiphop
6.3435326,0.38105837,0.10668265044504643,2240.3031802876058,hiphop
2.5531433,0.43086895,0.13887293198529413,2517.747734885853,hiphop
9.106629,0.50735897,0.10742111914667182,2305.1590945533026,hiphop
2.7433085,0.47551492,0.17347174015576625,3459.980501661103,hiphop
-0.095400795,0.42773268,0.1028002098248839,2637.4232219262044,hiphop
4.290334,0.37462813,0.11459341137770898,2774.871060337549,hiphop
4.910607,0.44052202,0.11568637529024768,3131.3432607004365,hiphop
8.821949,0.5392278,0.1727574587606424,3724.7745542619245,hiphop
7.7221656,0.4798458,0.13644361938854488,3084.823804546642,hiphop
4.198231,0.47533035,0.07872191436531008,2145.890945678912,hiphop
8.502495,0.5003266,0.15224662284732973,2982.0828218625525,hiphop
9.925386,0.469898,0.16916602167182662,3191.1765117370255,hiphop
5.429586,0.52883154,0.10329945094814241,2825.5302060644444,hiphop
-6.5990934,0.5197028,0.1212499393439441,2967.037902847083,hiphop
-7.1299663,0.40899298,0.21317072432170542,3771.6482256576564,hiphop
6.7473717,0.4280764,0.10465152570437343,2359.7382434573365,hiphop
1.1744001,0.38988554,0.11263817562645688,2706.1770985328967,hiphop
-1.3191745,0.34764442,0.10188043293512043,2435.5828275321524,hiphop
4.4476657,0.4256431,0.12034088844476744,2713.0080169555163,hiphop
7.311457,0.44905,0.10271052870639535,2910.741764461841,hiphop
4.5454717,0.44518468,0.061657430959302324,1834.5298251239424,hiphop
-15.588942,0.35609254,0.1436084362887597,2552.715181424335,hiphop
1.1744001,0.38988554,0.11263817562645688,2706.1770985328967,hiphop
7.027606,0.49217638,0.09149226610874613,2306.786333638483,hiphop
6.87933,0.44940633,0.10935685952012383,3236.2092131808367,hiphop
7.7654047,0.41634825,0.07745040090460527,2344.385703637443,hiphop
11.093589,0.48406336,0.10872005309113777,3084.4973664314452,hiphop
8.541289,0.42703882,0.04244418779024768,1683.7287656142807,hiphop
7.667068,0.39360043,0.09951791674729102,2500.521404911738,hiphop
3.210811,0.46139815,0.08231280536474458,2595.782821610755,hiphop
3.1552536,0.50688887,0.10707796173568111,3079.1103340087907,hiphop
4.9443297,0.44697666,0.12631934198432662,3258.7937668169607,hiphop
2.850148,0.39065877,0.07250031745839783,1735.5854903743884,hiphop
7.680017,0.49168044,0.07013033934791021,2355.621296823601,hiphop
9.343327,0.40067205,0.05145433738873839,1811.0907893923022,hiphop
2.4337025,0.50613976,0.13613863257062694,2676.5339159173477,hiphop
6.537602,0.49956933,0.06300302038989938,1949.3068336318568,hiphop
5.3057747,0.43968493,0.05390783729198916,1717.834483382323,hiphop
6.3073993,0.47363523,0.06727699303405572,1811.4872110056333,hiphop
0.079893336,0.4719179,0.10955073589880031,2449.072471257414,hiphop
-1.9585141,0.44546938,0.12218709183920279,2671.0740466843918,hiphop
4.5344596,0.40800595,0.07981168670181889,2429.9366980056257,hiphop
3.6131275,0.41778487,0.0886033946884675,2447.981517210075,hiphop
2.2773917,0.40975982,0.0793853854247291,2245.1543617872862,hiphop
4.3936086,0.4983869,0.1268197168875774,3053.2752032918966,hiphop
7.3493257,0.4221081,0.09572391096652477,2545.058137328884,hiphop
9.358725,0.48957697,0.1209660107875387,3299.440188118393,hiphop
10.136993,0.43090683,0.06926450936048761,2501.25903379901,hiphop
7.4356575,0.40388018,0.10757606907894737,3186.910019337875,hiphop
7.7242126,0.43807065,0.05136250120936533,1818.8189646845494,hiphop
8.003457,0.42251512,0.08562004160216719,2566.5587161240874,hiphop
8.020406,0.47394475,0.11079033535700464,2775.2916756205336,hiphop
2.3220363,0.45118245,0.146737207938274,3139.605595979825,hiphop
0.27931,0.42499024,0.09669745005321208,2328.3253525938053,hiphop
4.439181,0.46092817,0.13766243288022445,2986.424482322364,hiphop
0.27931,0.42499024,0.09669745005321208,2328.3253525938053,hiphop
-0.18198177,0.42727414,0.17240182976973684,3213.1475995725405,hiphop
2.5131352,0.4035689,0.15500095237519348,3377.342805929625,hiphop
0.3993939,0.52058536,0.05177973224651703,1469.3760072038706,hiphop
1.5430583,0.50361925,0.11322947404702012,2290.107317796501,hiphop
1.8392879,0.44792575,0.11085004776993033,2368.0288949553296,hiphop
-8.23016,0.5133563,0.10514864611551858,2044.4018831699113,hiphop
0.86962444,0.4767985,0.1272399713380418,2607.901477732147,hiphop
-0.8642878,0.47983924,0.0798679977747678,2083.393807295725,hiphop
1.1055562,0.5837967,0.08769334728134674,2472.488643988058,hiphop
2.657258,0.4600093,0.14991216984326625,2694.9757203214963,hiphop
4.292708,0.49831194,0.11762400529702012,2670.154564498446,hiphop
4.1630993,0.482431,0.10450163566660217,2272.8344394005203,hiphop
3.3766582,0.5337824,0.1385550956607972,2628.9767336632103,hiphop
5.238841,0.4777827,0.07263901654411764,2330.8396284977375,hiphop
-1.2490869,0.4765214,0.15219749238099844,3185.1421645019136,hiphop
2.6056666,0.45894215,0.054190904363390094,1929.5861395660595,hiphop
3.788836,0.5623587,0.15760335538409442,2735.79580212033,hiphop
2.1625667,0.42474797,0.08312648147252322,1752.0147471390123,hiphop
3.791035,0.4738047,0.11598796076818886,2581.727525217468,hiphop
3.5737636,0.5335046,0.10066983721942724,2538.2434921295203,hiphop
-3.3938656,0.4309518,0.1015708143866099,1963.1932861624273,hiphop
-10.703994,0.34449327,0.07846437814434984,1504.4850155324564,jazz
-12.976361,0.32815516,0.0592777972619969,1266.346201396591,jazz
-13.542863,0.26762775,0.0578726659249226,1064.8215157992543,jazz
-8.297335,0.31936443,0.04467433303502322,813.4386379736914,jazz
-7.659117,0.1717699,0.04776879656056501,1039.7104745190281,jazz
-4.467648,0.24827774,0.057861328125,1267.9899185341335,jazz
-4.6053305,0.27487183,0.04806244557856037,1220.0295209430099,jazz
-8.664855,0.19719192,0.06483445300406347,1170.156796160003,jazz
-0.96114844,0.35739473,0.04627485245743034,1304.6853072764807,jazz
-6.2949495,0.26689672,0.03169028456366099,749.3568923103393,jazz
-7.379154,0.32977176,0.033065559694272446,829.297629003448,jazz
-4.3165483,0.3002093,0.07692054772155572,1825.9751750083572,jazz
-8.072769,0.36379892,0.06369991715847523,1651.0000253804194,jazz
-3.592524,0.31439632,0.061073326843072755,1790.006149597724,jazz
-20.106619,0.19868675,0.06494254002999227,1171.7778494695315,jazz
-4.4576683,0.33295566,0.07357060577109133,1782.4772448641631,jazz
-9.597778,0.24948634,0.06986427897639319,1465.516121696498,jazz
-8.276985,0.3453314,0.08418656576528638,1934.517120777341,jazz
-3.9877682,0.3534085,0.0877088422745743,1992.9408896772322,jazz
-5.9667926,0.248026,0.05548416940789474,1352.9901253634762,jazz
-12.698783,0.28933343,0.03297183388157895,1171.3008454419294,jazz
-6.275507,0.43288735,0.1813991298616486,2915.1352677290415,jazz
-10.901885,0.20151573,0.05122229041698916,1451.4983709587166,jazz
-2.4053268,0.2207792,0.08007358988003097,1987.9269514759108,jazz
-4.934473,0.34920043,0.0932473575367647,2034.579158061201,jazz
-5.8196015,0.26780388,0.0636243318256579,1698.069097537734,jazz
-19.672216,0.20186247,0.05863569985971362,1367.4115371823048,jazz
-6.6701026,0.32528928,0.0626534382256192,1769.401598572535,jazz
-9.755238,0.27644312,0.07490468689531733,1853.5659404817295,jazz
-9.444035,0.3043397,0.09940416082140092,2235.3440263233524,jazz
-15.318754,0.23504393,0.0846627533620356,1687.2984527938816,jazz
-7.139099,0.3110394,0.07241415017898607,1752.8065045704263,jazz
-12.465197,0.2807769,0.06140930364744582,1522.348449286544,jazz
-5.7823706,0.27402085,0.042349706124226005,1169.6513052388445,jazz
0.10408805,0.3116933,0.07934494727167182,1759.5124735322347,jazz
-5.342392,0.26454058,0.03772993058243034,844.139158472617,jazz
-7.014855,0.32236797,0.09955948868034056,1482.2909039482727,jazz
-2.7033594,0.284948,0.05151291602167183,1276.6962578384557,jazz
-3.9419687,0.2856102,0.0664005811000387,1554.3796467342697,jazz
-2.7666807,0.24768116,0.0765237247242647,1311.6069322444187,jazz
-3.5401757,0.23667091,0.0548605904121517,1317.1069234804231,jazz
-4.034952,0.3082287,0.10063091077302631,1617.8954526280595,jazz
-7.6705174,0.2852741,0.06121202592879257,1344.4488685825497,jazz
-3.4791348,0.2537832,0.08566917206849846,1760.2398025931382,jazz
-3.8876023,0.2766236,0.04966409878095975,1004.9502771230314,jazz
-4.548941,0.27865592,0.04262597051567337,937.3979933729273,jazz
-5.6056104,0.250222,0.058650061072948914,1295.2562362132712,jazz
-5.6236634,0.358576,0.09357350824787151,1982.1284065663644,jazz
-6.950775,0.28263187,0.0792973285119969,1748.0333593267528,jazz
-7.4022937,0.20990238,0.06479514863099846,2050.136011182281,jazz
9.079831,0.41037485,0.08078258030185759,2482.069759803357,jazz
-5.78359,0.27403566,0.0424521242501935,1193.8785302218275,jazz
5.370089,0.3661007,0.0774182771381579,2291.4059616944,jazz
0.23430465,0.31170988,0.07951917146381579,1804.7156340756278,jazz
-5.3377023,0.26453978,0.03778284031540248,871.7686824803111,jazz
7.2073865,0.37253195,0.11482508042279412,2978.340196118377,jazz
-9.561667,0.23403837,0.06180650457140093,1377.9769900941744,jazz
-6.848189,0.32237762,0.09965699375967492,1546.508468476633,jazz
3.1350229,0.31734142,0.03827792424535604,1397.4044755755383,jazz
-2.4794254,0.28497162,0.052423719282120744,1428.0387423978177,jazz
8.820145,0.37021154,0.09449413760158669,2456.2698596396212,jazz
-3.5220392,0.2856545,0.06752226743904799,1725.6345298073745,jazz
5.740672,0.3805404,0.09815057807662539,2475.6009489427947,jazz
6.658941,0.37970966,0.0558798586251935,1575.4538722228804,jazz
-2.7559478,0.24769275,0.076529393624226,1338.2362329095945,jazz
0.0048922026,0.25898328,0.08824663191756967,1579.0127661124945,jazz
-3.5320392,0.2366899,0.054945623911571206,1354.091907708369,jazz
-7.645587,0.28527668,0.061230544335332815,1382.7307308073396,jazz
-2.9168582,0.25388345,0.08743219995646284,2009.8139341354786,jazz
-3.6386876,0.27664104,0.05003635654508514,1117.5098786077247,jazz
-4.5091677,0.27724737,0.04257495041602167,971.5475880069571,jazz
-5.600205,0.25022087,0.05873471664570434,1336.3698511878918,jazz
0.76241755,0.3323741,0.1297546953608746,2968.60250464515,jazz
-3.3589406,0.29495355,0.09557311822755418,2414.857050479083,jazz
-0.45508718,0.29375893,0.12654912139609134,2902.8282153333053,jazz
-5.0087037,0.3031213,0.06871462606424149,1733.583196998827,jazz
-0.495196,0.30749902,0.13090245863970587,2777.976524524572,jazz
-4.2012134,0.26615047,0.09583048628579721,2503.139918026569,jazz
-0.2721268,0.33828342,0.1078761428502322,2634.319273980018,jazz
0.37813756,0.3703903,0.14035780584849072,3029.035019092715,jazz
-3.5518186,0.44186088,0.10014829842298761,3027.140362803872,jazz
-3.5662115,0.40154165,0.20684871142124614,3906.2972143441307,jazz
-1.3929669,0.42909393,0.14970204261803405,3393.857478271707,jazz
-4.045154,0.39294955,0.11833828669214397,2874.7793906046186,jazz
-4.1360316,0.32550377,0.1475769609858746,2861.0669041187775,jazz
-6.3512983,0.3374259,0.2617017433001161,4136.053468579488,jazz
-8.642813,0.3419146,0.04282929506095201,1845.8761145516376,jazz
-2.3048058,0.29106042,0.06904795738196594,2428.6412687077973,jazz
-8.398321,0.28040653,0.06275774598490712,1787.936479244805,jazz
-6.87061,0.2699995,0.054154245476973686,1875.229063578226,jazz
-13.379423,0.2309633,0.15142274271962075,2958.8527443760186,jazz
-8.99881,0.27042797,0.0753657574255031,2213.669961452585,jazz
-6.019684,0.26958323,0.08170320965557276,2151.985122584835,jazz
-13.683765,0.23740347,0.04151184270994582,1077.1722769200633,jazz
-4.564531,0.3112811,0.06339606412054953,1855.2856495889075,jazz
-8.546531,0.29865912,0.07777050478908669,1874.6280401896176,jazz
-17.23595,0.22404481,0.03991094536087461,1176.0043625534947,jazz
-4.441239,0.3279028,0.05812512093653251,1884.9439012894368,jazz
-9.842443,0.29589707,0.04620040090460526,1492.5645306761603,jazz
6.015437,0.48777875,0.18307976973684212,3274.344587423776,metal
5.059703,0.47693357,0.15290156975619196,2922.908394647605,metal
4.250463,0.43250424,0.12839302559017027,2198.5048742476088,metal
6.5555124,0.4876697,0.16671025420859134,2751.926423435394,metal
2.4826775,0.6346607,0.19242362857972137,3403.0755097954175,metal
3.0116646,0.42260268,0.13437825016931115,2464.596757533146,metal
-2.168973,0.43396315,0.1981254081607972,3237.576392654718,metal
0.33063015,0.58136714,0.16837313153057276,2939.529800244255,metal
0.20376657,0.46657756,0.14055924076044893,2964.5694774912263,metal
12.810742,0.5270196,0.09467932166698917,2250.890548724811,metal
3.4965127,0.5418777,0.19654038373161764,3048.5052057998882,metal
9.733223,0.51085085,0.17150160845588236,2699.980049142347,metal
5.541643,0.60497457,0.17691276243227555,2803.303204375182,metal
3.4948866,0.63620484,0.20360421101006193,3047.8529556987282,metal
0.21020539,0.55259246,0.18530764742163314,2877.3990222346356,metal
2.9006765,0.4849302,0.16926541638448142,2986.8234673152315,metal
8.590619,0.50205344,0.17962174076044893,2743.3971145568185,metal
5.697337,0.58092386,0.15877568389609134,2656.165733706924,metal
2.92943,0.5555221,0.1803178816756966,2291.2788294344687,metal
3.582853,0.5551851,0.16150658197078174,2699.597527581128,metal
5.15258,0.49589503,0.152409131312887,2658.2188462959766,metal
4.5588393,0.52547175,0.19161335381191952,3046.7299311449274,metal
5.740406,0.3698008,0.10698310214299536,2218.499205435564,metal
10.951607,0.5272757,0.13178756288699692,2576.10753705241,metal
11.743657,0.47880808,0.12833369110390866,2410.986411509785,metal
2.7286878,0.4655108,0.12610316793246903,2384.812609828754,metal
5.3274035,0.48454973,0.19822933799342105,2871.3062606691374,metal
8.221402,0.4749444,0.12830912587074303,2398.412461241184,metal
4.1983337,0.4812479,0.17996187475812694,2789.300841643996,metal
0.6789473,0.44092262,0.16334179385158668,2955.2644930453703,metal
10.909267,0.46229282,0.051203016157120744,1525.6954691515564,metal
9.435379,0.4462239,0.12520937137190402,2566.910608201603,metal
3.6680496,0.43656766,0.14816085768188855,2502.5342481859757,metal
10.956822,0.48021376,0.10000733177728328,2029.8387796734646,metal
-1.9401032,0.40688816,0.16091248125483745,2707.5423665716226,metal
11.661673,0.5016604,0.1628051379885836,2836.947977795833,metal
4.021323,0.51906675,0.16050318667763158,2685.8291745827923,metal
3.8637092,0.39583865,0.12365873826915634,2292.510290744662,metal
-0.047852464,0.47059822,0.14832790126741485,2690.651414951033,metal
5.8463445,0.37923384,0.08829727409055728,2099.3502081908823,metal
2.9615717,0.5092077,0.16644079249709753,2709.5400662447228,metal
1.3753386,0.4568983,0.13738125544214397,2269.195809921602,metal
1.0608702,0.4366056,0.15180860584365324,2463.4494582050966,metal
-1.2396829,0.438512,0.17731298676954335,2683.329925042629,metal
1.4668705,0.46960172,0.17124877551760836,2760.3423816837835,metal
-1.8199388,0.43017212,0.1442818184017028,2389.4350405557316,metal
9.275894,0.4825492,0.16373219209558823,2795.6746741322545,metal
8.799694,0.4310416,0.17811948227070434,2908.260266485554,metal
8.848197,0.4770043,0.17660928732101394,2889.2745891447994,metal
9.6335,0.5244218,0.19402490385545665,2980.160116271462,metal
10.982556,0.502444,0.17751366582817338,2987.2017926625704,metal
9.79377,0.5169347,0.2284702738003096,3401.339372945473,metal
9.986572,0.5338851,0.16221897373258515,2716.8331745213422,metal
9.693461,0.49260235,0.17261573626160992,2906.8537059020937,metal
9.4881,0.51017773,0.19579171101006193,3114.329793935282,metal
9.560243,0.4990352,0.19692586892898606,3108.6767565401215,metal
9.513864,0.46347606,0.17932884759578174,3010.8123920844464,metal
9.2279825,0.48765814,0.14377388496517027,2718.481020565502,metal
6.791351,0.46137363,0.1428422957381966,2459.3807747248898,metal
6.696282,0.4676862,0.14985396913699692,2442.6700033077755,metal
3.918472,0.54055494,0.13954412974071206,2315.8697989887996,metal
2.9615717,0.5092077,0.16644079249709753,2709.5400662447228,metal
1.3753386,0.4568983,0.13738125544214397,2269.195809921602,metal
1.0608702,0.4366056,0.15180860584365324,2463.4494582050966,metal
-1.2396829,0.438512,0.17731298676954335,2683.329925042629,metal
1.4668705,0.46960172,0.17124877551760836,2760.3423816837835,metal
-1.8199388,0.43017212,0.1442818184017028,2389.4350405557316,metal
4.303269,0.4691472,0.12015875943304953,2254.451747982022,metal
1.8786235,0.46307757,0.13075015419407895,2302.7150351085147,metal
8.202628,0.45407566,0.05379181380611455,1741.2304486142502,metal
-6.6239295,0.41464844,0.14287668706462847,2742.97005055359,metal
2.7695808,0.4798264,0.15380519241002322,2808.0046134374647,metal
8.027733,0.44523817,0.11682733588912539,2340.03096955969,metal
13.078764,0.42996472,0.12134280367163312,2642.032925778633,metal
-2.769066,0.48351958,0.13497272881191952,2723.644292308425,metal
10.467217,0.4483327,0.08889326443982198,2068.6843930292544,metal
1.0165473,0.49588972,0.16254058932372292,2792.6902805308296,metal
6.703582,0.44094372,0.15998467129450464,2741.0869522297985,metal
13.432853,0.53359133,0.13186541577979877,2815.480455068502,metal
3.3800743,0.47251746,0.14390615929760062,2710.046718960874,metal
6.373864,0.49709386,0.14412119956946595,2848.182022368144,metal
8.043709,0.517647,0.12199056997387771,2138.240246747415,metal
3.9209507,0.5132023,0.1413173616486068,2378.392047570882,metal
7.1953745,0.45723015,0.1229134668875774,2340.7560584493326,metal
9.834473,0.48040015,0.13858495186726005,2522.6734734695337,metal
3.1080353,0.44104913,0.15778135884287925,2647.051996452653,metal
1.8638897,0.43421626,0.15904401182759287,2629.0107378061284,metal
12.504324,0.51678914,0.18681330725135448,3338.669549044171,metal
4.0891304,0.42164207,0.09242007606907894,1988.1097637793819,metal
11.035968,0.45595163,0.046570013182082044,1443.9436096106106,metal
6.8340592,0.42686749,0.08467824835526316,2141.760929048819,metal
1.146727,0.38018358,0.12008733129353716,2323.780312899506,metal
1.7723098,0.34193188,0.09332936762287151,2090.459458437368,metal
1.3849292,0.4443258,0.14164653577302633,2644.8797461791337,metal
-1.9401032,0.40688816,0.16091248125483745,2707.5423665716226,metal
8.560061,0.52922803,0.12103592722039473,2445.203639101959,metal
7.5816965,0.5185317,0.12823996529121517,2493.9383740127623,metal
8.92716,0.49188632,0.08620620585816563,1983.2971581753839,metal
4.164849,0.5105759,0.11576498403637771,2241.4549321413824,metal
6.684812,0.5163208,0.1080065275493421,2375.5535392574907,metal
3.9455762,0.3897145,0.12676680715460525,3422.09468148469,pop
6.5052404,0.4127586,0.14947642039957432,3702.928030369771,pop
8.392322,0.4178902,0.11886851780185759,3213.5168358111127,pop
3.9808018,0.41005275,0.08535171367066563,1837.191501891123,pop
8.502255,0.38438848,0.12376304602844428,2753.2217697518786,pop
-0.46467045,0.32325658,0.10678053345104489,2290.0859207010612,pop
2.548739,0.37462318,0.06769535785119969,2125.4079876587084,pop
-5.533815,0.25158858,0.08234492913119196,1968.4064522146039,pop
7.985107,0.40381122,0.1213038772252322,2885.3303652171926,pop
5.7692475,0.45483547,0.17281943873355263,3279.967331808209,pop
7.914887,0.37797877,0.06621728666795666,1901.4116456876454,pop
-17.856142,0.22562955,0.08712532350522446,2200.799680588226,pop
4.753585,0.38588703,0.12593423471362228,2679.2839905691167,pop
6.69521,0.3561919,0.05165917364067337,2150.085229874043,pop
1.3718824,0.4260218,0.0880610699255031,1997.9771683248648,pop
6.9561515,0.38672364,0.14158379994678794,3207.220332891123,pop
1.0968988,0.3887713,0.15341592794601394,3490.329748964607,pop
4.4575396,0.43529552,0.12622977336493807,2789.1243751604316,pop
8.466214,0.41001046,0.12773467734133126,3433.92215467519,pop
3.5562088,0.3766972,0.15605347813467493,3130.9812160844167,pop
7.705223,0.41231987,0.17974985789957432,3487.4996203779583,pop
6.4282928,0.5043945,0.1870177655766254,3502.139027387522,pop
6.9625344,0.3869217,0.14153920460042568,3206.199866093883,pop
5.9761133,0.3934257,0.17767428466041021,3759.8089732129138,pop
6.182017,0.41098088,0.14452671488003097,3301.8647028211412,pop
3.7162685,0.33036473,0.10574085719814241,2928.6503834649243,pop
3.2889647,0.3350296,0.10354207986648607,2526.130442686517,pop
4.626768,0.37741295,0.1019147276509288,2682.713194799874,pop
7.3393054,0.34934646,0.1212698638254644,2946.5774176287164,pop
8.707909,0.3547542,0.11157037599167957,2988.85797981166,pop
3.748041,0.35769865,0.14873984133126936,3070.6451711304394,pop
3.584136,0.36603388,0.15291026206946595,3111.0610992009765,pop
-0.71519756,0.42664915,0.22873671209849072,4225.564575455603,pop
1.530968,0.42290184,0.13706266326431887,2835.0593021892837,pop
3.5410743,0.34084368,0.131055518938661,3141.655140286262,pop
9.021766,0.4120737,0.15937998863196595,3194.1768682916545,pop
9.700767,0.3945741,0.1151153281008127,2944.4779985642813,pop
8.675347,0.45171198,0.16482477808146284,3236.3834897605984,pop
6.7318535,0.4005925,0.14652330144640094,3267.580275537532,pop
10.552325,0.38415253,0.18717800648219815,3934.6043578715803,pop
5.598869,0.29224333,0.0958112120259288,1962.259860440553,pop
-5.613196,0.28238016,0.0753657574255031,2053.894371276876,pop
8.231328,0.37972975,0.14374780802534828,3002.6169823427717,pop
10.602109,0.4734457,0.1032971833881579,2703.2416682609646,pop
5.8374505,0.4561453,0.135637501814048,3143.535196698567,pop
4.6694856,0.4128694,0.12498941805340558,2842.6607931089798,pop
4.6893697,0.41501153,0.12218028915924922,2838.0210737706198,pop
7.2532663,0.4335399,0.12735523897058823,3149.97113080032,pop
5.731047,0.4649373,0.21071452326818885,4052.8886703211056,pop
-0.2922416,0.32267648,0.06614018962848298,1987.8719219449235,pop
6.734519,0.4140819,0.1186580126499613,3046.2397998563833,pop
7.6605773,0.4470191,0.23004509420955882,4156.136801574854,pop
8.657453,0.52272147,0.15600737108165635,3662.9266594641513,pop
-20.47613,0.27737415,0.10700086469620743,2639.59187801044,pop
6.064396,0.39040148,0.13602223115808823,3498.3579746722603,pop
1.800929,0.43286315,0.16739883659055727,3940.3499208914445,pop
5.155693,0.47309402,0.14562421391253869,3681.430351016257,pop
8.71954,0.51853126,0.15406445010158668,3672.6739422013616,pop
-2.4480903,0.33993873,0.14575422068498453,2940.0005210928985,pop
5.1031923,0.4754622,0.14478748427825078,3727.2488351836582,pop
6.064396,0.39040148,0.13602223115808823,3498.3579746722603,pop
5.1344876,0.45551932,0.11195132606907894,2949.270014966028,pop
9.188361,0.32964274,0.09820877878289473,2468.498529319245,pop
1.1041576,0.3167193,0.07464656298374613,1826.5420467927368,pop
-7.281222,0.34651315,0.205950001814048,3647.8594016331967,pop
-1.2766875,0.34565118,0.10014338537635449,2518.6680120349943,pop
10.753854,0.3541164,0.09974656237906347,2844.070407885239,pop
3.8360972,0.4474077,0.19104230662248453,3889.787116785757,pop
2.0133765,0.40740538,0.15505650759481424,3262.9124447410586,pop
9.437171,0.4969614,0.09549942252805728,2327.9956325128483,pop
-1.5752996,0.4371366,0.13644399731520898,3142.2532583222696,pop
3.8360972,0.4474077,0.19104230662248453,3889.787116785757,pop
5.2254243,0.4807797,0.13165642233455882,2569.255822724336,pop
8.732481,0.42336026,0.16189735814144737,3671.2604882708424,pop
1.1105214,0.34944054,0.1308480372000774,3419.3447490583962,pop
6.028762,0.4093867,0.15924053369291796,3645.470694057959,pop
10.034458,0.47572708,0.14281924221168732,3544.132839481264,pop
7.1757708,0.44544223,0.21392576613293343,4037.153770826656,pop
5.3082304,0.4547545,0.14272098127902477,3124.14935420786,pop
-9.365479,0.3519286,0.07255095963138544,1995.3281824967328,pop
7.2567916,0.43361697,0.1275974899622678,3151.445800513278,pop
-1.9096822,0.36985952,0.08601724252612229,2246.9998668388666,pop
8.539587,0.46213287,0.1003391513883514,3168.3771358678678,pop
5.869676,0.2981051,0.08429578657120743,2489.577623717522,pop
-0.5720248,0.40918562,0.13586614744582043,3262.336283566903,pop
2.946,0.44382364,0.1220960115131579,2516.4589514571976,pop
2.5870748,0.38769463,0.18523244001547987,3594.167118271268,pop
5.7446184,0.3523111,0.1464783281733746,3587.4721810924966,pop
5.5832767,0.43150875,0.17203410712558048,3510.9284752203253,pop
4.778495,0.43712428,0.16573822682856038,3401.2336884828965,pop
5.735364,0.35314766,0.14755995428599072,3603.429553551326,pop
6.7371554,0.42451915,0.1668300569611068,3696.287748409418,pop
8.12596,0.48733836,0.14535890939434984,3271.2458605975758,pop
7.1202154,0.415235,0.1316624691611842,3258.8665238179296,pop
5.6682816,0.33309838,0.12854835344910992,2806.432725529733,pop
8.876171,0.365705,0.10639353654702012,3046.1865869262933,pop
7.666289,0.34000403,0.10534554590750773,3126.3938966039664,pop
1.8944552,0.46697032,0.13724822525638544,3510.042356894514,pop
5.8031645,0.399341,0.18310584667666407,3634.106563927481,pop
2.7623873,0.3605328,0.09601491449787151,2765.6481348893653,pop
-0.77120143,0.3288784,0.09781082200561146,2133.437132679841,reggae
-3.5701947,0.3490114,0.06396144241002322,1638.9674121345956,reggae
-1.8416632,0.378513,0.07512652984713622,1797.2984668713393,reggae
-1.3378285,0.3913434,0.08493448263351393,1924.062787400072,reggae
-2.4689803,0.40186623,0.08446849905669504,2009.3766964303295,reggae
-1.2708569,0.3646125,0.07305095660797213,1798.6538836861723,reggae
-1.198254,0.34243292,0.060822383538119196,1418.2807056387026,reggae
-2.561716,0.38599995,0.07391149562209752,1754.296876028464,reggae
-1.0680025,0.36873907,0.06947274695239938,1691.9918927541255,reggae
-3.3547509,0.3829874,0.06057597535313467,1609.7558037303509,reggae
-11.959527,0.2949428,0.10279038373161764,2149.7748681954477,reggae
-2.2139697,0.41850126,0.07032270401993033,1995.6005146508553,reggae
-4.125259,0.4273662,0.1137952302631579,2300.0529187574825,reggae
-1.6031733,0.3621759,0.07054114563177244,1606.560170615663,reggae
-0.554187,0.39499,0.06411563648897059,1716.1117225999903,reggae
2.3272097,0.35863692,0.06821916420762383,1923.7123234958624,reggae
6.651923,0.41952103,0.07927087364551083,2118.326028871004,reggae
1.2863872,0.42595223,0.07796513702109133,1803.5661063308723,reggae
0.49977982,0.39458644,0.07739862495162539,1907.381884489025,reggae
3.043476,0.39388508,0.07129926651993033,1754.5284525268162,reggae
2.0452452,0.37093377,0.05678045786571207,1637.9263684990146,reggae
4.3568172,0.39003792,0.09286754123935759,2007.372657971661,reggae
5.9508724,0.45542738,0.0723423441128096,2059.3588992585837,reggae
1.1242075,0.42847756,0.1202902779121517,2354.2710703063417,reggae
-0.44830477,0.34867153,0.0721775680872678,1811.3582154873116,reggae
0.37678325,0.36248925,0.07374974300986842,1709.0354342543874,reggae
1.7412735,0.40271538,0.07455850607101393,1840.8054757537875,reggae
-1.1387441,0.40373403,0.08737815644349846,2086.5315028359455,reggae
-1.7500114,0.48730457,0.06783783620356038,1640.0485302065747,reggae
2.0470126,0.42890927,0.04367887420181889,1585.601293881055,reggae
0.74726987,0.4876408,0.07047840980553406,1814.19900091257,reggae
1.4343982,0.49041924,0.05862247242647059,1578.9797524821934,reggae
-2.7189624,0.48696232,0.0658639252370356,1510.806650097002,reggae
-2.0141053,0.44672203,0.059147790489551086,1615.9036118108686,reggae
0.43885693,0.4705853,0.04461386476876935,1291.482455169567,reggae
-2.2994473,0.45854005,0.061317467468072755,1699.8353933233097,reggae
-2.0262506,0.43454266,0.05923924874226006,1811.5147924120354,reggae
-0.11025989,0.5177376,0.06328759916795666,1709.714456389326,reggae
-5.9336104,0.37383953,0.0655547812258127,1701.103192532159,reggae
0.8895407,0.50741494,0.02594957853618421,1312.7373064527953,reggae
-23.093203,0.30261552,0.10104549632352941,2031.8882309842427,reggae
2.715914,0.37360558,0.05904763992356811,1931.4896901504014,reggae
-3.0086954,0.43341032,0.10571062306501548,2480.8459326909738,reggae
-1.0718378,0.33477828,0.07602637323432662,1484.7434261821936,reggae
5.731717,0.44927633,0.08757694586880804,2454.215349177034,reggae
0.17179081,0.4575736,0.22392041469136997,4283.044762530106,reggae
-1.2927817,0.32430077,0.08097759046052631,2322.2929756125877,reggae
-3.458421,0.34247676,0.1149788965750774,2477.9298991117516,reggae
3.7374597,0.39015487,0.11121021188080496,2673.271677146015,reggae
1.5807289,0.36961177,0.08073911873548761,2322.9386798777355,reggae
1.6037278,0.46035033,0.12710883078560373,2955.9154393104704,reggae
-0.36361358,0.56960213,0.27482940390383126,4276.113111170075,reggae
7.1249323,0.5022181,0.13413826673761609,3288.43329145076,reggae
-4.1127124,0.4694101,0.08977950246710527,2004.3538474526456,reggae
0.075074695,0.39628837,0.10153566720684984,2541.9768822749897,reggae
3.5319438,0.461971,0.0822270160119969,2525.883148548213,reggae
0.11424364,0.37026238,0.08318468217879257,2174.1042292536513,reggae
0.24958757,0.37290987,0.07889861588138544,2170.729333695411,reggae
-2.3303702,0.37186235,0.11201028262867647,2631.8490363841825,reggae
1.0409778,0.37597787,0.11742559379837461,2671.9431591250614,reggae
-15.967701,0.29911512,0.11853254099748452,2395.785250668999,reggae
2.6677766,0.39536202,0.1335615506482198,3122.9386087150997,reggae
-2.9477925,0.44482914,0.06088285180437306,2113.391953819571,reggae
-1.3580018,0.4158544,0.0833796923374613,1910.6006441535096,reggae
6.7060676,0.416805,0.10088072029798761,3094.02220916496,reggae
8.479596,0.37581554,0.08281998294794891,2080.8998101028196,reggae
3.3903651,0.3892008,0.06711183908184984,1629.3916759342683,reggae
4.3782105,0.39610007,0.06049774453366873,1729.221510067004,reggae
-0.054074153,0.35864207,0.07786158511513158,2104.9458967015426,reggae
3.0944843,0.36254442,0.08041447973103716,2461.457562285525,reggae
0.09755775,0.3805537,0.06099963114357585,2288.9314176081257,reggae
2.7058856,0.40891767,0.12166630889609133,3109.580608719877,reggae
-1.4314166,0.43271825,0.13607514089106038,3086.1860008884605,reggae
8.427393,0.44946608,0.05106696255804954,2153.2951509096097,reggae
8.423666,0.45464915,0.051022745138351394,2148.603575494345,reggae
2.7830338,0.38970286,0.13506002987132354,2481.191325890234,reggae
4.9701653,0.44042617,0.08827233093072756,2456.1544092561144,reggae
3.6248446,0.39548975,0.06091951069078947,1778.3264606974715,reggae
2.0748131,0.4528192,0.09380782277960527,2317.4758286832307,reggae
-4.727499,0.47635508,0.18643386888061145,3003.0228526329006,reggae
6.13567,0.4770484,0.09431537828947369,2538.8183244874817,reggae
5.2147107,0.4735248,0.0994389300744969,2567.6720453746466,reggae
5.2147107,0.4735248,0.0994389300744969,2567.6720453746466,reggae
-7.510287,0.32676357,0.07119609254063468,1366.429347381977,reggae
1.1758288,0.31906396,0.07602221604102168,1788.5445972751872,reggae
-1.8786047,0.39582387,0.09941020764802631,1797.4051726737525,reggae
7.850771,0.6635414,0.2602225383368808,4434.948742523192,reggae
-1.4453442,0.3877295,0.1218802153879644,3296.209659000533,reggae
-2.1969986,0.3756998,0.18931631554760062,3881.383875119963,reggae
2.3457055,0.3694958,0.03803831874032508,1052.002100832135,reggae
2.7545068,0.47000408,0.13065151533475233,2867.992801312542,reggae
-2.4993987,0.3979944,0.12388965146091331,2314.4949684089943,reggae
-0.3549097,0.3989742,0.12004009046052631,2170.7030022441018,reggae
0.06947206,0.37084785,0.08934072961010062,2109.6362127896273,reggae
2.3022866,0.36561716,0.09566646611358359,2022.437501264683,reggae
4.1264277,0.42458442,0.10321517330205109,2617.582608076272,reggae
2.9647188,0.41626847,0.07962990397639319,1629.473422777735,reggae
-4.802083,0.27205,0.09403079951141641,2007.1841367892719,reggae
4.4130783,0.41004914,0.06482538276412539,2025.3801449478724,reggae
4.482033,0.43122938,0.13958721338041796,2466.3392174966807,reggae
0.49122047,0.38740283,0.09019522179760062,1995.8245086755824,rock
4.9867077,0.36551026,0.054981526944659444,1529.3175590522962,rock
3.0349731,0.43683383,0.0767569054760062,1874.829786811176,rock
5.21343,0.38013273,0.04309724506578947,1421.4880254979385,rock
7.334627,0.3727365,0.04109914679276316,1345.8882551385968,rock
4.5119386,0.3767896,0.07701994243421052,1542.2216281068565,rock
0.18935625,0.34448835,0.0872942567240712,1675.4999364261096,rock
3.7057087,0.35925552,0.04718867913119195,1282.2760121933156,rock
8.25762,0.4088296,0.0849809676131966,1717.3419433944864,rock
1.6542338,0.37617397,0.04254093701625387,1181.5495135430565,rock
3.825473,0.39820716,0.07170251427051083,1857.8624034566847,rock
2.9803212,0.3432238,0.05433413856907895,1536.9871799571386,rock
-2.4469464,0.33889946,0.06819006385448917,1863.089813447186,rock
3.8427558,0.44043094,0.046099872411958204,1596.5231665437618,rock
-7.4617376,0.38052484,0.08359435468266253,1935.4498295716771,rock
-6.364219,0.34371725,0.11420150142705109,2336.111675735068,rock
6.791351,0.46137363,0.1428422957381966,2459.3807747248898,rock
4.868043,0.41887888,0.14058758526025542,2311.9417457073478,rock
5.3408084,0.48023722,0.11580542218943499,2209.573799429134,rock
-0.65152913,0.4359021,0.12819952713815788,2321.139396040278,rock
2.505643,0.39817157,0.11758961397058823,2188.2645254060567,rock
2.2223697,0.3928767,0.12160357306985294,2157.8298998957625,rock
0.93563825,0.4159105,0.13848895849458204,2342.3353774211027,rock
-0.09181615,0.2942903,0.11561872641737617,2295.565769219044,rock
0.6526318,0.40513122,0.1434492459607198,2320.5556900857273,rock
2.6156394,0.41510257,0.15789020172213622,2510.3556189283613,rock
5.0848274,0.38312325,0.1229387879740712,2263.522165083779,rock
0.10806476,0.40252107,0.13342209570917182,2669.3593345236,rock
5.111731,0.44274235,0.101985399937113,2047.1451067117212,rock
7.0118656,0.4186011,0.11148874383223684,2444.584086039301,rock
0.62128544,0.39033824,0.11496000024187307,2945.1945450846843,rock
-2.0880077,0.36920157,0.13247236600232198,2638.867641788369,rock
8.571586,0.38347784,0.1154928768382353,2345.8857364588525,rock
0.6995979,0.32352048,0.07488654641544118,1673.575889634683,rock
8.495567,0.42088565,0.13500787599167957,2789.7940380072873,rock
7.307864,0.45723388,0.05698831753095975,1867.3888525990114,rock
9.549774,0.4283946,0.14617523098877708,2841.8971917238737,rock
2.6701484,0.45181865,0.14631922104779413,2627.053081238353,rock
6.5224004,0.41147804,0.14055017052051083,2794.963091628599,rock
4.8342705,0.4426954,0.12278761730843653,2559.2817874298944,rock
4.240035,0.41608867,0.14474440063854488,3009.9775310236832,rock
5.443302,0.4022149,0.14837174076044893,2807.30058491141,rock
3.3515675,0.4443834,0.13764807166698917,2794.3709144990316,rock
3.0598354,0.42024067,0.1440289854634288,2740.1544161420566,rock
3.0768952,0.31139824,0.06892966633610681,1652.179327113778,rock
-3.759115,0.36134955,0.0789651309742647,1561.5465305371351,rock
0.97041947,0.36131182,0.11816519627999227,2428.532242218463,rock
2.7664444,0.4613815,0.15630366558630032,2998.5568440596116,rock
1.3146198,0.3215302,0.0852647905379257,1646.6339142770562,rock
1.8656553,0.39610803,0.09130519241002322,2077.5446322647385,rock
5.187715,0.3946422,0.053289549269543345,1720.5912503156892,rock
6.0455313,0.36877757,0.12080841536861456,3030.4355509553056,rock
-4.962442,0.340701,0.08860566224845201,2187.2085144317775,rock
7.9736385,0.4091429,0.18757331777283281,3361.7673453402167,rock
-7.9166284,0.34664512,0.13243306162925697,2632.7402137243284,rock
3.0896943,0.43161365,0.06657442736551858,1711.1893544921813,rock
8.830133,0.4885189,0.17756393007449692,3303.904679679877,rock
3.8589694,0.39012536,0.1751028716379644,3488.995725081282,rock
-1.0178655,0.30106091,0.09894309029121517,2437.580126873773,rock
-2.77032,0.33953157,0.0865675037490325,2424.966690601346,rock
2.2630622,0.40548533,0.13467605638061145,2797.3841277516685,rock
-2.556403,0.29976493,0.06909104102167182,2072.9854708489925,rock
-5.2024775,0.3197265,0.10857001620549536,2947.109224451956,rock
-5.8767323,0.3296278,0.0558345074255031,1711.662555940787,rock
-1.5001473,0.37433743,0.10637615192047213,2181.717912335607,rock
2.7524364,0.39521196,0.12912129027186534,2294.29156586485,rock
-11.636327,0.36009386,0.10714712231520898,2209.342049406717,rock
0.516797,0.39290723,0.11991915392801858,2414.00286655524,rock
1.0321138,0.4021151,0.11828008598587461,2467.0646621546953,rock
-8.262636,0.31144074,0.13768964360003869,2569.1052765811332,rock
-7.6193824,0.36799285,0.13914088199013158,2512.1443220871984,rock
7.136884,0.45442817,0.09080821884674922,2024.9672114930113,rock
6.401018,0.40336826,0.08172853074206657,1933.566634741674,rock
7.0859656,0.45865026,0.11005866933533281,2224.311094028381,rock
5.9527144,0.3944035,0.09116309198432662,2140.7591092398616,rock
3.5754457,0.40853086,0.11154543283184984,2301.691479215312,rock
4.1583753,0.34563643,0.0712066744872291,1659.8731482944434,rock
4.35895,0.45540807,0.10627675720781733,2188.176213337053,rock
4.1931376,0.3579821,0.07173048084365326,1878.0900592313533,rock
2.5669203,0.36006528,0.1091164981617647,2148.4701088464726,rock
1.0391068,0.36864844,0.1496808787248452,2606.2565496233246,rock
-3.8075128,0.335779,0.13617340182372292,2553.8992233935824,rock
-0.30489996,0.38245007,0.1837358504256966,2976.0030874979825,rock
2.4965184,0.378793,0.09280102614647832,2115.9838949624827,rock
2.0494423,0.356773,0.13921608939628483,2581.8092292667184,rock
-8.697043,0.32189262,0.12098982016737617,2256.0047067984315,rock
-6.295675,0.39097285,0.14632451202109134,2521.464032225308,rock
5.719877,0.39313745,0.12858085514222137,2334.758795031705,rock
-4.1947336,0.40842345,0.16178095672890866,2591.1167911589937,rock
0.5384818,0.34345806,0.0732932075996517,1610.189714452553,rock
-0.876962,0.2557003,0.1206425055630805,2495.6204189789773,rock
2.2491105,0.4435838,0.15018352118808048,2474.554693163817,rock
-1.0381099,0.41648173,0.15094504341621517,2471.302263920436,rock
-0.62250507,0.34351164,0.09836637420181889,1939.9141779559488,rock
-0.28894332,0.38914114,0.14670470624516255,2629.304423185467,rock
-1.0137689,0.3519918,0.08926665598393962,2008.5370455020434,rock
-1.5114602,0.39876094,0.0976588954866486,2006.0092476458424,rock
-1.6013871,0.43190938,0.12182428224167957,2077.166787874547,rock
-1.9203149,0.36242777,0.04873137577399381,1398.5815744518925,rock
-4.144151,0.35816488,0.07628978811919504,1609.3699366383669,rock
